id,first_name,last_name,email,gender,ip_address
1,Ddene,Howison,dhowison0@latimes.com,Female,150.62.114.215
2,Jaimie,Camois,jcamois1@engadget.com,Male,167.144.168.240
3,Kassandra,Eidler,keidler2@usda.gov,Female,171.195.78.77
4,Vina,Joannet,vjoannet3@ucoz.com,Female,56.108.182.12
5,Silvie,Crudge,scrudge4@auda.org.au,Female,184.83.85.124
6,Bob,Paton,bpaton5@smh.com.au,Male,167.12.55.220
7,Morris,Bonhan,mbonhan6@dyndns.org,Male,134.193.192.36
8,Barbette,Sprigings,bsprigings7@youku.com,Female,127.79.197.74
9,Nydia,Iredale,niredale8@bloglines.com,Female,213.74.115.82
10,Winona,Grellis,wgrellis9@dell.com,Female,93.11.99.118
11,Korie,Caldicott,kcaldicotta@arstechnica.com,Female,96.85.7.237
12,Jacquelynn,Fuentes,jfuentesb@weather.com,Female,79.158.215.217
13,Duane,Harlett,dharlettc@ftc.gov,Male,93.108.102.130
14,Leah,Ginglell,lginglelld@a8.net,Female,207.237.123.234
15,Gary,Sertin,gsertine@stumbleupon.com,Male,169.67.37.124
16,Gaston,Critzen,gcritzenf@army.mil,Male,189.44.74.73
17,Adaline,Mullins,amullinsg@rambler.ru,Female,71.247.72.153
18,Brunhilda,MacNess,bmacnessh@mtv.com,Genderfluid,176.40.53.16
19,Nestor,Dagger,ndaggeri@sitemeter.com,Genderqueer,155.247.21.137
20,Luelle,Seear,lseearj@blog.com,Genderqueer,89.244.42.70
21,Candide,Orteau,corteauk@google.co.jp,Agender,95.31.102.141
22,Salli,Rudolph,srudolphl@army.mil,Genderqueer,241.229.8.146
23,Warden,Wyper,wwyperm@plala.or.jp,Male,123.207.251.52
24,Abelard,Carlisle,acarlislen@ucoz.com,Male,41.174.26.127
25,Laura,Peniello,lpenielloo@nytimes.com,Genderqueer,18.238.56.2
26,Kevyn,Pringer,kpringerp@xinhuanet.com,Female,44.121.150.252
27,Jamison,Sillars,jsillarsq@mac.com,Male,52.48.47.86
28,Ursola,Padwick,upadwickr@amazon.co.jp,Female,220.250.62.44
29,Archie,Carillo,acarillos@facebook.com,Male,10.179.37.20
30,Van,Steinson,vsteinsont@dion.ne.jp,Female,252.46.207.227
31,Chelsea,Darben,cdarbenu@free.fr,Female,79.218.235.34
32,Deloria,Sachno,dsachnov@psu.edu,Female,240.152.228.148
33,Felicia,Dallimore,fdallimorew@techcrunch.com,Female,137.213.12.119
34,Ezechiel,Luetkemeyer,eluetkemeyerx@who.int,Male,161.135.19.89
35,Laurianne,McGown,lmcgowny@livejournal.com,Female,53.173.86.246
36,Farris,Cadden,fcaddenz@bbb.org,Male,121.113.62.185
37,Leelah,McGrane,lmcgrane10@uiuc.edu,Female,103.124.15.132
38,Kliment,Hanwright,khanwright11@timesonline.co.uk,Polygender,185.225.39.35
39,Devonne,Mussett,dmussett12@php.net,Female,169.185.175.26
40,Chrissie,Slane,cslane13@bloomberg.com,Female,18.97.153.88
41,Elicia,Cloke,ecloke14@pcworld.com,Female,252.79.116.190
42,Maryjane,Van Niekerk,mvanniekerk15@craigslist.org,Female,111.213.130.232
43,Deni,Raimbauld,draimbauld16@skyrock.com,Female,208.49.4.140
44,Gar,Salsbury,gsalsbury17@hexun.com,Male,242.56.141.45
45,Byrom,Ygo,bygo18@redcross.org,Male,174.160.112.35
46,Paolina,Portinari,pportinari19@salon.com,Female,252.236.240.233
47,Marcello,Polk,mpolk1a@weather.com,Male,181.130.103.110
48,Shara,Bavidge,sbavidge1b@jigsy.com,Female,236.8.217.160
49,Dorise,Gibke,dgibke1c@amazonaws.com,Female,119.134.108.59
50,Evita,Gennings,egennings1d@mysql.com,Female,115.152.98.29
51,Mendie,Grinnov,mgrinnov1e@posterous.com,Male,191.57.219.158
52,Trent,Coales,tcoales1f@ebay.co.uk,Agender,136.184.200.222
53,Caz,McKearnen,cmckearnen1g@prlog.org,Non-binary,124.118.24.9
54,Aura,Gooderridge,agooderridge1h@people.com.cn,Female,102.127.7.113
55,Artus,Turfin,aturfin1i@nhs.uk,Genderfluid,103.52.235.153
56,Ashlen,Colliss,acolliss1j@archive.org,Female,25.78.143.209
57,Tommie,Warrender,twarrender1k@networksolutions.com,Male,187.186.186.254
58,Adams,Bechley,abechley1l@discovery.com,Male,194.63.55.226
59,Hyacinthe,Lemery,hlemery1m@yellowbook.com,Female,126.106.2.183
60,Leandra,Jarmaine,ljarmaine1n@mayoclinic.com,Female,28.71.114.230
61,Randie,Clarson,rclarson1o@twitter.com,Female,63.38.5.239
62,Elisa,Bovingdon,ebovingdon1p@marketwatch.com,Female,219.219.50.86
63,Gallagher,Vickar,gvickar1q@geocities.jp,Male,207.22.218.21
64,Torry,Clutterham,tclutterham1r@nydailynews.com,Male,84.249.128.248
65,Vernen,Heeps,vheeps1s@ca.gov,Male,122.26.48.146
66,Marthena,Ladbrooke,mladbrooke1t@loc.gov,Female,46.202.99.100
67,Marijn,McInnes,mmcinnes1u@blog.com,Male,57.172.79.166
68,Ameline,Leddy,aleddy1v@princeton.edu,Female,207.239.163.150
69,Inesita,Hylton,ihylton1w@walmart.com,Female,108.40.126.109
70,Iolande,Garley,igarley1x@naver.com,Female,106.153.106.124
71,Clemmie,McMillian,cmcmillian1y@illinois.edu,Female,40.168.143.63
72,Isidoro,Heeley,iheeley1z@diigo.com,Male,74.58.250.238
73,Claudetta,Charlewood,ccharlewood20@walmart.com,Female,23.97.122.159
74,Wayne,Strut,wstrut21@bigcartel.com,Male,101.104.51.46
75,Cristi,Bowker,cbowker22@tinypic.com,Female,225.167.107.95
76,Wilma,Morrant,wmorrant23@businesswire.com,Female,191.89.60.94
77,Eustace,Greenwood,egreenwood24@networkadvertising.org,Male,109.237.241.78
78,Netty,Pifford,npifford25@nhs.uk,Female,117.250.189.74
79,Joe,Kyle,jkyle26@printfriendly.com,Male,247.150.109.156
80,Patrice,McCreery,pmccreery27@skyrock.com,Female,228.252.9.108
81,Isidora,Hornbuckle,ihornbuckle28@photobucket.com,Female,77.81.121.67
82,Hermia,Robroe,hrobroe29@prlog.org,Female,35.232.114.235
83,Lotti,Zotto,lzotto2a@artisteer.com,Female,27.202.4.69
84,Wit,Dudill,wdudill2b@reuters.com,Male,134.189.68.91
85,Justino,Siemon,jsiemon2c@seattletimes.com,Male,231.143.240.139
86,Adriane,Old,aold2d@naver.com,Female,138.115.250.129
87,Benoit,Simonds,bsimonds2e@foxnews.com,Male,173.19.185.143
88,Sampson,Jillins,sjillins2f@qq.com,Male,131.100.24.75
89,Eadie,Munnion,emunnion2g@uol.com.br,Female,145.219.141.234
90,Boony,Ferris,bferris2h@state.gov,Male,87.19.195.42
91,Jennee,Jaslem,jjaslem2i@geocities.com,Female,108.203.74.15
92,Tuck,Lay,tlay2j@tmall.com,Male,192.77.48.133
93,Ernest,Connow,econnow2k@mozilla.com,Male,82.156.22.9
94,Tawnya,Ciccetti,tciccetti2l@twitpic.com,Female,62.74.95.24
95,Woodman,Rodwell,wrodwell2m@cnet.com,Male,245.27.21.49
96,Jaymee,Brunnstein,jbrunnstein2n@list-manage.com,Female,229.138.2.193
97,Davide,Blow,dblow2o@indiatimes.com,Male,152.157.247.48
98,Brita,Woollam,bwoollam2p@1688.com,Female,118.64.94.197
99,Jackquelin,Mullally,jmullally2q@ibm.com,Female,85.196.231.24
100,Damiano,Petigrew,dpetigrew2r@bravesites.com,Male,37.215.182.196
101,Reg,Littlejohns,rlittlejohns2s@macromedia.com,Male,197.76.161.104
102,Gail,Mougenel,gmougenel2t@yandex.ru,Male,49.157.139.31
103,Ximenes,Tuffs,xtuffs2u@xing.com,Male,205.227.106.215
104,Patrick,Driffield,pdriffield2v@cornell.edu,Male,14.19.202.88
105,Hedvige,Goodoune,hgoodoune2w@umich.edu,Female,240.246.38.174
106,Averil,Lomasny,alomasny2x@miibeian.gov.cn,Male,73.249.90.232
107,Roseanne,Chupin,rchupin2y@wired.com,Female,93.107.13.153
108,Aldric,Davidy,adavidy2z@baidu.com,Male,22.192.65.90
109,Giffy,Andersen,gandersen30@jimdo.com,Male,24.214.165.235
110,Ibbie,Scholig,ischolig31@about.com,Female,231.101.95.23
111,Iggie,Goddman,igoddman32@cdc.gov,Male,30.44.188.149
112,Michel,Godney,mgodney33@mayoclinic.com,Female,138.136.248.114
113,Carce,McDonell,cmcdonell34@github.com,Male,184.29.4.215
114,Peta,Guest,pguest35@usgs.gov,Female,248.15.202.221
115,Cordell,Teesdale,cteesdale36@umich.edu,Male,226.149.193.114
116,Kamilah,Hinkensen,khinkensen37@shop-pro.jp,Genderfluid,71.202.143.63
117,Jeniece,Leavens,jleavens38@joomla.org,Female,13.165.9.205
118,Stavro,Lawday,slawday39@spiegel.de,Male,183.95.241.184
119,Elias,Gamil,egamil3a@apache.org,Male,131.53.131.13
120,Devora,Wessing,dwessing3b@telegraph.co.uk,Female,156.185.181.117
121,Avie,Kerwick,akerwick3c@wsj.com,Female,4.195.73.132
122,Tobey,Pinckstone,tpinckstone3d@blinklist.com,Genderqueer,118.78.179.202
123,Finn,Bineham,fbineham3e@yelp.com,Male,25.128.87.220
124,Blair,Binham,bbinham3f@ca.gov,Female,186.180.177.129
125,Yul,Melchior,ymelchior3g@lycos.com,Male,106.231.170.182
126,Aaren,Forrestor,aforrestor3h@baidu.com,Female,12.208.113.204
127,Ivette,Lodwick,ilodwick3i@multiply.com,Genderqueer,100.87.53.145
128,Bonny,Bartoszinski,bbartoszinski3j@tinypic.com,Female,231.57.199.152
129,Rosalynd,Sutherington,rsutherington3k@topsy.com,Female,66.155.144.64
130,Jimmie,Husselbee,jhusselbee3l@bluehost.com,Male,217.60.181.221
131,Tamma,Chesterfield,tchesterfield3m@usatoday.com,Female,154.26.239.226
132,Jamesy,Rennix,jrennix3n@yahoo.com,Male,98.151.132.190
133,Juliane,Gabby,jgabby3o@delicious.com,Female,84.104.212.30
134,Kyle,Fossett,kfossett3p@wikia.com,Male,59.180.159.13
135,Chase,Millwall,cmillwall3q@dell.com,Male,70.253.196.141
136,Carlo,Bentz,cbentz3r@e-recht24.de,Male,98.26.244.44
137,Nathanil,Moral,nmoral3s@wufoo.com,Male,66.75.61.130
138,Rockie,McNally,rmcnally3t@newyorker.com,Male,125.30.22.56
139,Gan,Engledow,gengledow3u@gov.uk,Male,196.122.75.23
140,Augusto,Lies,alies3v@github.io,Male,72.136.144.8
141,Gerard,Eddisford,geddisford3w@bloomberg.com,Male,26.232.120.86
142,Danette,McNally,dmcnally3x@narod.ru,Female,77.126.32.21
143,Kendre,Finci,kfinci3y@japanpost.jp,Female,141.231.75.112
144,Arlyn,Mc Pake,amcpake3z@google.de,Female,63.183.41.179
145,Avivah,Haddinton,ahaddinton40@bbb.org,Female,175.222.19.112
146,Michal,Ewing,mewing41@technorati.com,Female,108.198.3.211
147,Des,Ebden,debden42@woothemes.com,Male,10.167.32.73
148,Portie,Dimitrov,pdimitrov43@timesonline.co.uk,Male,1.184.216.133
149,Whittaker,Wisdish,wwisdish44@cocolog-nifty.com,Male,162.13.159.30
150,Rudiger,Kneesha,rkneesha45@cdc.gov,Male,182.104.136.224
151,Toby,Wickerson,twickerson46@tuttocitta.it,Bigender,218.43.133.164
152,Lorena,Cannop,lcannop47@ehow.com,Female,47.199.207.222
153,Bryan,Clausson,bclausson48@ebay.co.uk,Male,190.255.37.156
154,Bartel,Calderwood,bcalderwood49@ifeng.com,Male,105.3.111.90
155,Fenelia,Kenworth,fkenworth4a@bravesites.com,Agender,231.249.249.55
156,Linnie,Cluett,lcluett4b@networksolutions.com,Female,142.35.182.198
157,Ase,Maha,amaha4c@drupal.org,Male,235.123.209.227
158,Darnall,Rosenberg,drosenberg4d@hexun.com,Male,36.48.1.1
159,Mike,Shaughnessy,mshaughnessy4e@ifeng.com,Male,46.134.21.107
160,Marinna,Poag,mpoag4f@newyorker.com,Female,18.48.179.48
161,Fran,Scamadin,fscamadin4g@businesswire.com,Male,137.241.13.154
162,Amelina,Skelhorne,askelhorne4h@accuweather.com,Female,73.118.6.251
163,Hillel,Ensten,hensten4i@jimdo.com,Male,120.41.40.24
164,Rebecca,Poulett,rpoulett4j@altervista.org,Female,212.102.175.145
165,Urson,Swendell,uswendell4k@rambler.ru,Male,182.221.160.196
166,Torrance,Bollom,tbollom4l@sbwire.com,Male,238.82.215.13
167,Tiffie,Bensusan,tbensusan4m@google.de,Female,195.221.123.240
168,Eal,MacAiline,emacailine4n@nhs.uk,Male,219.239.202.24
169,Brice,Diben,bdiben4o@phpbb.com,Male,190.232.17.123
170,Jareb,Durante,jdurante4p@tiny.cc,Male,52.152.207.162
171,Richmound,Blois,rblois4q@va.gov,Male,168.164.50.79
172,Valeda,Kneeland,vkneeland4r@goo.ne.jp,Female,252.32.79.38
173,Emerson,Stienton,estienton4s@google.it,Male,118.29.4.84
174,Mattie,Alcock,malcock4t@howstuffworks.com,Male,198.110.245.180
175,Roz,Ascraft,rascraft4u@360.cn,Female,84.57.194.127
176,Fletch,Winch,fwinch4v@scribd.com,Male,221.212.119.131
177,Leonard,Bode,lbode4w@tmall.com,Male,146.209.158.200
178,Kellen,Housegoe,khousegoe4x@narod.ru,Male,225.59.35.116
179,Cly,Creighton,ccreighton4y@t-online.de,Male,148.172.42.227
180,Griz,Lackemann,glackemann4z@nyu.edu,Male,9.114.234.220
181,Dayna,MacArd,dmacard50@hhs.gov,Female,193.113.3.174
182,Anica,Demetr,ademetr51@ibm.com,Genderqueer,222.241.117.227
183,Helga,Buxey,hbuxey52@ibm.com,Female,72.120.154.43
184,Halley,Gwatkins,hgwatkins53@google.com.au,Female,158.163.5.118
185,Cedric,Taffrey,ctaffrey54@state.tx.us,Male,214.96.136.189
186,Cullen,Wallsam,cwallsam55@ow.ly,Male,22.179.158.208
187,Leone,Snarie,lsnarie56@1und1.de,Non-binary,176.147.27.77
188,Karalynn,Ibanez,kibanez57@storify.com,Female,86.220.206.118
189,Carmine,Staniforth,cstaniforth58@discuz.net,Female,120.236.60.240
190,Merissa,Cashley,mcashley59@hibu.com,Female,9.47.160.138
191,Germaine,Dilley,gdilley5a@nsw.gov.au,Male,231.91.49.53
192,Lorenza,Elcombe,lelcombe5b@craigslist.org,Genderfluid,90.74.36.148
193,Elston,Malletratt,emalletratt5c@admin.ch,Male,69.215.35.186
194,Baxie,Mancer,bmancer5d@naver.com,Male,103.79.18.95
195,Bette,Sailes,bsailes5e@nature.com,Female,46.47.158.104
196,Juieta,Aylmore,jaylmore5f@google.it,Female,33.66.131.25
197,Dillon,Mewitt,dmewitt5g@com.com,Male,218.69.37.113
198,Marlie,Leates,mleates5h@paginegialle.it,Female,99.227.7.132
199,Tatum,Spraggs,tspraggs5i@wunderground.com,Female,183.15.127.1
200,Haze,Townson,htownson5j@odnoklassniki.ru,Bigender,207.229.226.66
201,Bear,Tindley,btindley5k@forbes.com,Male,228.222.122.75
202,Merrily,Scuffham,mscuffham5l@pagesperso-orange.fr,Genderfluid,199.161.222.71
203,Archibaldo,Ransfield,aransfield5m@chron.com,Male,11.135.85.3
204,Iorgos,Saward,isaward5n@tinyurl.com,Male,175.177.142.213
205,Benny,Poulney,bpoulney5o@bloglines.com,Male,245.202.92.189
206,Harrietta,Northey,hnorthey5p@wisc.edu,Female,184.138.221.225
207,Viviene,Valentine,vvalentine5q@ycombinator.com,Female,207.225.171.0
208,Edmon,McCuaig,emccuaig5r@imgur.com,Male,249.84.113.254
209,Arlen,Titheridge,atitheridge5s@mapquest.com,Male,216.160.147.197
210,Rodrick,Impey,rimpey5t@berkeley.edu,Male,172.205.151.219
211,Tallia,Goodie,tgoodie5u@timesonline.co.uk,Bigender,123.11.191.185
212,Brod,Prinne,bprinne5v@statcounter.com,Male,154.246.6.233
213,Theresina,McAvey,tmcavey5w@census.gov,Female,200.160.96.148
214,Lucretia,Ebhardt,lebhardt5x@google.co.uk,Female,12.10.58.80
215,Neysa,Finneran,nfinneran5y@phpbb.com,Female,17.50.227.220
216,Inger,Janc,ijanc5z@dyndns.org,Female,213.36.166.35
217,Emlynne,Pulver,epulver60@fema.gov,Female,90.252.220.21
218,Isabella,Klemencic,iklemencic61@liveinternet.ru,Female,88.16.48.108
219,Iosep,Feldmark,ifeldmark62@topsy.com,Male,171.63.195.244
220,Barthel,Butterwick,bbutterwick63@stumbleupon.com,Male,213.213.230.42
221,Maye,Keneleyside,mkeneleyside64@multiply.com,Female,123.193.122.239
222,Shandie,Terese,sterese65@is.gd,Genderqueer,53.210.25.214
223,Lavinia,Espasa,lespasa66@yellowpages.com,Female,250.58.198.66
224,Griffie,Walesby,gwalesby67@blogtalkradio.com,Male,111.162.123.201
225,Durand,Izatt,dizatt68@com.com,Male,248.97.129.32
226,Lanna,Wildman,lwildman69@reddit.com,Female,166.98.177.178
227,Johan,De Bruijne,jdebruijne6a@hp.com,Male,204.105.68.132
228,Randi,Semerad,rsemerad6b@linkedin.com,Bigender,91.18.252.71
229,Wakefield,Lebbern,wlebbern6c@usgs.gov,Male,220.156.18.20
230,Virgil,Huton,vhuton6d@networksolutions.com,Male,155.160.159.179
231,Augustin,Gue,ague6e@berkeley.edu,Male,93.173.203.254
232,Goldina,Breslau,gbreslau6f@gizmodo.com,Female,66.11.38.57
233,Lamar,Roseblade,lroseblade6g@aol.com,Male,193.69.230.211
234,Constanta,Napoli,cnapoli6h@bing.com,Female,236.186.121.152
235,Bonnibelle,Gauthorpp,bgauthorpp6i@sakura.ne.jp,Female,151.239.189.93
236,Jilli,Donohoe,jdonohoe6j@studiopress.com,Female,71.226.167.131
237,Camel,Fisbey,cfisbey6k@sitemeter.com,Female,147.116.180.107
238,Faye,Snaddon,fsnaddon6l@blogspot.com,Polygender,116.75.118.61
239,Antonie,Schukert,aschukert6m@ovh.net,Bigender,33.198.70.150
240,Foster,Eaves,feaves6n@freewebs.com,Male,228.69.171.169
241,Suzy,Emerine,semerine6o@webeden.co.uk,Bigender,65.157.55.173
242,Neel,Esgate,nesgate6p@t-online.de,Bigender,174.230.68.188
243,Edin,Timms,etimms6q@google.pl,Female,145.217.207.143
244,Herrick,Raisher,hraisher6r@google.nl,Male,42.229.225.244
245,Nettie,Greenfield,ngreenfield6s@google.com.au,Female,62.6.73.49
246,Gale,Margaritelli,gmargaritelli6t@nsw.gov.au,Male,31.234.186.247
247,Hieronymus,Corrado,hcorrado6u@cbc.ca,Male,221.151.7.218
248,Sherwynd,Broodes,sbroodes6v@washington.edu,Male,195.80.170.60
249,Philipa,Najera,pnajera6w@vimeo.com,Female,255.5.25.1
250,Casey,Dandie,cdandie6x@bloglovin.com,Bigender,156.182.163.163
251,Kalvin,Wraighte,kwraighte6y@bizjournals.com,Male,219.66.109.123
252,Kim,Cinelli,kcinelli6z@eepurl.com,Genderqueer,173.5.251.6
253,Dewie,Ouldcott,douldcott70@walmart.com,Male,158.0.135.200
254,Laureen,Kiggel,lkiggel71@free.fr,Female,102.69.95.30
255,Zacherie,Seabrook,zseabrook72@zdnet.com,Male,192.142.215.175
256,Barde,Stannion,bstannion73@godaddy.com,Male,26.133.64.180
257,Jordain,Stode,jstode74@fda.gov,Female,118.173.206.25
258,Tommie,McKimmey,tmckimmey75@xrea.com,Female,11.148.158.129
259,Any,Minnette,aminnette76@a8.net,Male,202.11.236.124
260,Aindrea,Lancett,alancett77@pinterest.com,Female,136.141.253.169
261,Juliana,Kerswell,jkerswell78@skyrock.com,Female,124.168.171.222
262,Bard,Pirot,bpirot79@so-net.ne.jp,Male,139.245.185.80
263,Josefina,Bargh,jbargh7a@seattletimes.com,Female,174.94.138.186
264,Nicolette,Merrington,nmerrington7b@mac.com,Female,44.62.255.239
265,Susanetta,Saenz,ssaenz7c@ovh.net,Female,140.113.87.11
266,Clementius,Sivyour,csivyour7d@webmd.com,Male,194.252.94.64
267,Neil,Capozzi,ncapozzi7e@walmart.com,Male,144.76.74.205
268,Alejandro,Dome,adome7f@si.edu,Male,79.174.251.33
269,Aridatha,Vedikhov,avedikhov7g@hatena.ne.jp,Female,244.116.152.237
270,Quinn,Fermin,qfermin7h@wix.com,Female,8.195.237.99
271,Charles,Sprull,csprull7i@wordpress.org,Male,161.58.168.56
272,Alejoa,Yanson,ayanson7j@mayoclinic.com,Male,133.3.55.203
273,Keith,O'Nowlan,konowlan7k@vimeo.com,Male,40.26.86.141
274,Elsi,Layborn,elayborn7l@sphinn.com,Female,89.95.85.38
275,Joycelin,Kornes,jkornes7m@unc.edu,Female,121.185.167.252
276,Monti,Terrans,mterrans7n@disqus.com,Male,200.29.139.103
277,Olivie,Cisec,ocisec7o@twitter.com,Female,77.78.134.77
278,Selestina,Wakerley,swakerley7p@cdc.gov,Female,163.133.154.30
279,Bernadene,Lovemore,blovemore7q@jimdo.com,Female,84.227.252.211
280,Flossi,Gillhespy,fgillhespy7r@moonfruit.com,Female,200.190.83.214
281,Tricia,Aberkirdo,taberkirdo7s@webmd.com,Female,183.62.24.72
282,Moss,Burchess,mburchess7t@i2i.jp,Male,30.0.214.163
283,Nomi,Gever,ngever7u@adobe.com,Female,119.93.185.71
284,Janos,Verrier,jverrier7v@google.it,Male,19.3.27.47
285,Tiebold,Beese,tbeese7w@zdnet.com,Genderfluid,67.70.23.213
286,Thorndike,Eckersley,teckersley7x@mayoclinic.com,Male,74.249.1.89
287,Corny,Whatsize,cwhatsize7y@tinypic.com,Male,76.107.11.171
288,Maurise,Bevis,mbevis7z@flavors.me,Male,18.157.32.106
289,Myrlene,Hince,mhince80@sfgate.com,Female,46.94.142.43
290,Sophey,Ledwith,sledwith81@gravatar.com,Female,58.238.76.155
291,Arch,Tidridge,atidridge82@newsvine.com,Male,180.171.49.248
292,Chas,Farlow,cfarlow83@mit.edu,Male,255.207.146.231
293,Costanza,Runge,crunge84@google.pl,Female,86.24.92.20
294,Evaleen,Hustings,ehustings85@uol.com.br,Female,155.67.83.5
295,Ursola,Davenell,udavenell86@uiuc.edu,Female,19.41.57.26
296,Lanae,Barg,lbarg87@issuu.com,Female,191.198.237.223
297,Tibold,Pedrocco,tpedrocco88@friendfeed.com,Male,70.230.176.242
298,Margery,Wiltshaw,mwiltshaw89@huffingtonpost.com,Female,73.125.142.28
299,Barnard,Goneau,bgoneau8a@comsenz.com,Male,57.191.237.148
300,Gardner,Grigoriscu,ggrigoriscu8b@bloglovin.com,Male,127.1.198.163
301,Rowney,Hustings,rhustings8c@paypal.com,Male,14.254.15.184
302,Klemens,Rozsa,krozsa8d@over-blog.com,Male,245.183.109.112
303,Ilario,Culwen,iculwen8e@utexas.edu,Male,225.148.127.67
304,Sheffield,Proudler,sproudler8f@tinyurl.com,Male,125.109.239.251
305,Walden,Scrymgeour,wscrymgeour8g@jigsy.com,Genderfluid,127.58.10.205
306,Patten,Showte,pshowte8h@latimes.com,Male,35.89.76.143
307,Ugo,Widdows,uwiddows8i@vkontakte.ru,Male,35.182.10.41
308,Shana,Lockwood,slockwood8j@economist.com,Female,111.115.79.118
309,Allister,Brugsma,abrugsma8k@de.vu,Male,68.34.151.57
310,Alexander,Kenwood,akenwood8l@wordpress.org,Male,242.111.250.230
311,Euell,Dericot,edericot8m@geocities.com,Male,237.192.187.79
312,Farah,Lapre,flapre8n@pagesperso-orange.fr,Female,155.54.91.174
313,Jason,Icom,jicom8o@hao123.com,Male,86.21.216.34
314,Kristan,Studman,kstudman8p@china.com.cn,Female,222.45.33.215
315,Wheeler,Bewlie,wbewlie8q@marketwatch.com,Male,22.69.42.192
316,Walden,Antao,wantao8r@sun.com,Non-binary,52.63.242.214
317,Jodie,Rignall,jrignall8s@state.gov,Female,235.211.6.72
318,Ty,Wrankmore,twrankmore8t@ebay.com,Polygender,123.15.198.38
319,Kesley,Meatcher,kmeatcher8u@shop-pro.jp,Female,5.133.154.1
320,Hartwell,Tremelling,htremelling8v@cocolog-nifty.com,Non-binary,109.182.120.114
321,Beniamino,Trewin,btrewin8w@usnews.com,Male,94.152.62.40
322,Merridie,Lesley,mlesley8x@indiegogo.com,Female,69.99.123.185
323,Analiese,Trivett,atrivett8y@wsj.com,Female,206.178.223.23
324,Tarrance,Salaman,tsalaman8z@photobucket.com,Male,218.194.143.140
325,Leonard,Curds,lcurds90@abc.net.au,Male,159.250.141.3
326,Franky,Franzini,ffranzini91@twitter.com,Male,127.90.61.249
327,Yule,Breffit,ybreffit92@multiply.com,Male,255.121.174.249
328,Antonie,Hub,ahub93@irs.gov,Female,16.104.4.23
329,Trescha,Kemster,tkemster94@google.nl,Female,221.195.26.157
330,Lynne,Knoble,lknoble95@loc.gov,Female,238.101.126.173
331,Benjamin,Maccrie,bmaccrie96@wikia.com,Male,8.249.189.107
332,Chicky,Mapplebeck,cmapplebeck97@vinaora.com,Male,124.183.97.80
333,Yard,Burns,yburns98@cocolog-nifty.com,Male,253.189.69.27
334,Broddie,Strivens,bstrivens99@ihg.com,Male,61.217.67.8
335,Rab,Treffry,rtreffry9a@pen.io,Male,164.35.132.3
336,Drusy,McBryde,dmcbryde9b@unesco.org,Female,251.135.81.229
337,Arabella,Wipper,awipper9c@businessweek.com,Female,187.103.68.74
338,Daryn,Columbell,dcolumbell9d@eventbrite.com,Female,1.31.15.168
339,Lisette,Dadley,ldadley9e@devhub.com,Female,222.184.190.102
340,Cristin,Murby,cmurby9f@free.fr,Female,173.98.219.107
341,Cesaro,Povele,cpovele9g@tuttocitta.it,Male,78.32.125.162
342,Erma,Bassingden,ebassingden9h@timesonline.co.uk,Female,20.33.236.90
343,Raviv,Olivelli,rolivelli9i@hibu.com,Male,253.41.20.0
344,Wilhelmina,Stathers,wstathers9j@yale.edu,Female,187.214.169.187
345,Florie,Brickdale,fbrickdale9k@pinterest.com,Female,78.96.1.203
346,Merwin,Beddo,mbeddo9l@ftc.gov,Polygender,7.183.197.116
347,Dyanne,McAughtry,dmcaughtry9m@baidu.com,Female,95.163.168.209
348,Golda,Colley,gcolley9n@wordpress.com,Female,116.25.51.86
349,Moss,Dew,mdew9o@marketwatch.com,Male,253.13.106.56
350,Cullie,Gianinotti,cgianinotti9p@forbes.com,Male,252.184.210.153
351,Millicent,Sizey,msizey9q@google.cn,Female,20.192.109.245
352,Tarra,Ubanks,tubanks9r@booking.com,Female,54.137.10.68
353,Domeniga,Pietron,dpietron9s@virginia.edu,Female,51.87.200.40
354,Lainey,Livick,llivick9t@deliciousdays.com,Female,44.40.156.32
355,Tonya,McLeary,tmcleary9u@usgs.gov,Female,214.240.116.89
356,Shelagh,Bucktrout,sbucktrout9v@ycombinator.com,Female,50.167.171.231
357,Leonerd,Gilhoolie,lgilhoolie9w@webnode.com,Male,154.95.215.1
358,Paxton,Connor,pconnor9x@comsenz.com,Male,100.58.239.77
359,Justine,Hanton,jhanton9y@bizjournals.com,Female,109.2.103.241
360,Goldi,Borman,gborman9z@youtu.be,Female,212.37.22.57
361,Adrian,Vasyushkhin,avasyushkhina0@nba.com,Male,73.23.224.118
362,Emlen,Stebles,esteblesa1@mashable.com,Male,161.227.222.29
363,Annabal,Baldinotti,abaldinottia2@google.com,Female,162.93.46.126
364,Oralla,McTrustrie,omctrustriea3@ucoz.com,Female,63.19.103.170
365,Georas,Caush,gcausha4@eepurl.com,Polygender,197.207.38.246
366,Verne,Rohloff,vrohloffa5@mayoclinic.com,Male,222.111.141.42
367,Effie,Nissle,enisslea6@washingtonpost.com,Female,229.187.204.178
368,Ode,Candy,ocandya7@amazon.de,Male,109.29.180.159
369,Robbie,Yuryatin,ryuryatina8@theglobeandmail.com,Genderqueer,155.80.220.245
370,Lacie,Jacquemet,ljacquemeta9@google.ca,Non-binary,46.250.239.176
371,Tersina,Lapere,tlapereaa@sciencedirect.com,Female,192.251.24.110
372,Gregor,Bardwall,gbardwallab@fastcompany.com,Male,185.227.255.61
373,Cammy,Kirkhouse,ckirkhouseac@foxnews.com,Female,69.155.107.17
374,Jareb,Vaskin,jvaskinad@is.gd,Male,209.151.130.18
375,Kerrin,Vignal,kvignalae@howstuffworks.com,Female,97.163.60.94
376,Pearline,Martinie,pmartinieaf@hc360.com,Female,124.254.171.238
377,Kenny,Dolden,kdoldenag@nbcnews.com,Male,234.37.64.100
378,Willey,Tander,wtanderah@pen.io,Male,233.246.144.168
379,Goldia,Pauley,gpauleyai@merriam-webster.com,Female,73.105.203.10
380,Louis,Diamant,ldiamantaj@fc2.com,Agender,234.36.10.136
381,Perl,Kaspar,pkasparak@issuu.com,Female,12.192.170.114
382,Tiphani,Penfold,tpenfoldal@geocities.com,Female,188.119.166.223
383,Valery,Thairs,vthairsam@eepurl.com,Genderqueer,177.196.56.66
384,Correna,Rodliff,crodliffan@rakuten.co.jp,Female,24.2.2.79
385,Dorothee,Lusk,dluskao@google.it,Female,164.34.197.28
386,Shari,Houlworth,shoulworthap@indiatimes.com,Female,97.83.214.138
387,Tildy,Minghetti,tminghettiaq@weather.com,Female,0.129.216.98
388,Jessey,Bowring,jbowringar@mtv.com,Male,30.103.89.85
389,Whitney,Forestel,wforestelas@bloomberg.com,Female,233.46.160.60
390,Aylmer,Etheredge,aetheredgeat@netlog.com,Male,72.155.40.42
391,Hamilton,Ebrall,hebrallau@amazon.de,Male,155.202.55.228
392,Michaella,Meeson,mmeesonav@yale.edu,Female,19.187.26.27
393,Mab,Nijs,mnijsaw@utexas.edu,Female,181.1.110.142
394,Mollee,Lias,mliasax@chicagotribune.com,Female,62.250.180.17
395,Noe,Barlass,nbarlassay@oaic.gov.au,Male,157.175.32.206
396,Gillian,Milksop,gmilksopaz@mozilla.com,Female,156.252.133.235
397,Jan,Nunson,jnunsonb0@omniture.com,Female,33.223.244.102
398,Leeanne,Nourse,lnourseb1@pen.io,Female,145.151.188.106
399,David,MacTeague,dmacteagueb2@techcrunch.com,Male,96.100.159.89
400,Jinny,Endersby,jendersbyb3@godaddy.com,Polygender,126.187.149.161
401,Laurena,Purdey,lpurdeyb4@simplemachines.org,Female,207.71.49.181
402,Denver,Boulds,dbouldsb5@bloglovin.com,Male,137.59.128.9
403,Leoine,Stucksbury,lstucksburyb6@ucla.edu,Agender,72.251.52.9
404,Ossie,Neno,onenob7@123-reg.co.uk,Male,45.237.218.160
405,Reinwald,Siemandl,rsiemandlb8@quantcast.com,Male,131.222.105.48
406,Arman,Peller,apellerb9@shinystat.com,Male,219.168.72.165
407,Starr,Irving,sirvingba@accuweather.com,Female,233.119.110.158
408,Laurene,Duddin,lduddinbb@csmonitor.com,Female,148.57.152.23
409,Vladamir,Kierans,vkieransbc@illinois.edu,Male,194.248.200.104
410,Kevina,Lukash,klukashbd@tumblr.com,Genderfluid,113.150.196.217
411,Lucy,Ragdale,lragdalebe@gmpg.org,Female,117.40.182.213
412,Horten,Smetoun,hsmetounbf@newyorker.com,Male,159.183.233.49
413,Chilton,Duesbury,cduesburybg@friendfeed.com,Male,181.44.37.139
414,Marley,Sconce,msconcebh@elpais.com,Female,10.179.131.163
415,Ferris,Pinnigar,fpinnigarbi@themeforest.net,Genderfluid,217.65.139.129
416,Frans,Ciccottini,fciccottinibj@webmd.com,Male,34.5.241.120
417,Georgiana,Eannetta,geannettabk@tumblr.com,Female,128.182.229.59
418,Sorcha,Bruton,sbrutonbl@indiatimes.com,Female,239.154.188.166
419,Edie,Sanger,esangerbm@opera.com,Female,98.175.46.7
420,Abbot,Ingrey,aingreybn@topsy.com,Male,139.238.109.149
421,Bettine,Postan,bpostanbo@senate.gov,Female,206.106.180.240
422,Roselle,Kerr,rkerrbp@cornell.edu,Female,233.16.66.230
423,Briano,O'Rafferty,boraffertybq@dagondesign.com,Polygender,61.109.56.132
424,Ron,Braybrookes,rbraybrookesbr@google.it,Male,73.245.113.91
425,Channa,Sauvain,csauvainbs@lycos.com,Female,73.226.128.180
426,Clementia,Bellam,cbellambt@berkeley.edu,Female,113.141.49.101
427,Amelia,Butte,abuttebu@ucoz.ru,Female,132.12.91.237
428,Libbey,Towsie,ltowsiebv@hhs.gov,Polygender,40.16.151.151
429,Isador,de Verson,ideversonbw@bandcamp.com,Male,184.161.90.254
430,Freda,Slopier,fslopierbx@forbes.com,Female,195.146.164.192
431,Michale,MacKeogh,mmackeoghby@pcworld.com,Male,82.15.105.52
432,Grover,O'Deoran,godeoranbz@sohu.com,Male,140.149.103.4
433,Duncan,Brett,dbrettc0@aboutads.info,Male,6.130.27.72
434,Dell,Matzeitis,dmatzeitisc1@wired.com,Female,145.41.102.193
435,Amitie,Booij,abooijc2@flickr.com,Female,130.112.15.16
436,Marlena,Delieu,mdelieuc3@mapy.cz,Female,179.245.214.189
437,Normie,Gasnell,ngasnellc4@comcast.net,Male,110.255.31.158
438,Willetta,Garrique,wgarriquec5@apple.com,Female,182.182.171.15
439,Dun,Scotchbourouge,dscotchbourougec6@sohu.com,Male,93.126.169.224
440,Stanleigh,Doree,sdoreec7@google.de,Male,84.102.88.122
441,Edwina,Brickstock,ebrickstockc8@digg.com,Female,233.75.76.81
442,Hattie,Rubbens,hrubbensc9@usatoday.com,Female,17.89.109.142
443,Royall,Duffield,rduffieldca@163.com,Agender,208.70.61.126
444,Casar,Densie,cdensiecb@edublogs.org,Male,101.200.173.231
445,Myrilla,Poore,mpoorecc@discuz.net,Female,72.163.240.95
446,Barnabe,Davall,bdavallcd@netlog.com,Male,183.135.105.215
447,Travis,Boice,tboicece@vkontakte.ru,Male,176.17.53.49
448,Ealasaid,Landon,elandoncf@wsj.com,Female,88.98.225.37
449,Monro,Spread,mspreadcg@tumblr.com,Male,124.189.21.159
450,Ash,Blaza,ablazach@slashdot.org,Male,170.227.70.25
451,Olav,Antowski,oantowskici@mozilla.com,Male,11.3.220.172
452,Marylou,Tremmil,mtremmilcj@archive.org,Female,102.122.91.152
453,Nellie,East,neastck@fotki.com,Female,139.206.225.90
454,Lucian,Letixier,lletixiercl@un.org,Male,62.85.207.52
455,Shaine,Sprules,ssprulescm@hugedomains.com,Non-binary,242.151.20.31
456,Timofei,Restill,trestillcn@seesaa.net,Male,253.20.130.184
457,Theo,Hares,tharesco@example.com,Female,221.246.171.197
458,Kaylee,Ekell,kekellcp@issuu.com,Female,23.139.141.13
459,Hallie,Maytom,hmaytomcq@e-recht24.de,Female,226.95.73.28
460,Morley,Eccott,meccottcr@epa.gov,Male,194.238.27.83
461,Prudi,Gornall,pgornallcs@berkeley.edu,Female,170.205.248.99
462,Rozina,Braidley,rbraidleyct@marketwatch.com,Female,3.239.57.138
463,Karen,Oakeby,koakebycu@wordpress.com,Female,79.252.177.49
464,Florian,Stiegers,fstiegerscv@jugem.jp,Male,150.99.71.235
465,Harold,Tett,htettcw@clickbank.net,Male,147.166.62.142
466,Wernher,Rubinshtein,wrubinshteincx@intel.com,Male,236.148.100.22
467,Nowell,Corrao,ncorraocy@jalbum.net,Male,10.159.31.119
468,Port,Bole,pbolecz@mozilla.com,Male,220.57.98.122
469,Winni,Pashan,wpashand0@ifeng.com,Female,224.16.218.100
470,Ketti,Poter,kpoterd1@list-manage.com,Female,141.220.179.0
471,Annabal,Wattisham,awattishamd2@marketwatch.com,Female,96.205.73.65
472,Bealle,Copo,bcopod3@ft.com,Male,90.81.248.12
473,Duff,Reily,dreilyd4@time.com,Polygender,128.91.15.126
474,Kristyn,Hassell,khasselld5@hatena.ne.jp,Female,47.191.73.198
475,Nicol,MacKean,nmackeand6@pinterest.com,Male,138.23.43.141
476,Dorian,Deville,ddevilled7@people.com.cn,Male,59.244.95.143
477,Sheba,McMinn,smcminnd8@dell.com,Female,48.190.142.158
478,Sacha,Ovanesian,sovanesiand9@ft.com,Female,47.236.205.42
479,Vincenty,Winning,vwinningda@shinystat.com,Male,91.122.65.67
480,Rora,Wrankmore,rwrankmoredb@artisteer.com,Bigender,250.252.90.4
481,Constancy,Karchewski,ckarchewskidc@devhub.com,Female,131.147.254.189
482,Stearne,Jurek,sjurekdd@so-net.ne.jp,Male,111.103.108.31
483,Kristoforo,Wallenger,kwallengerde@flavors.me,Male,217.132.122.40
484,Emmott,Corrison,ecorrisondf@geocities.jp,Male,204.179.235.67
485,Job,Soffe,jsoffedg@domainmarket.com,Male,121.246.135.225
486,Sibyl,Sherington,ssheringtondh@constantcontact.com,Male,17.76.43.29
487,Susie,Seston,ssestondi@issuu.com,Female,196.151.150.182
488,Noelyn,Cisec,ncisecdj@creativecommons.org,Female,222.63.23.240
489,Estrellita,Pick,epickdk@vinaora.com,Female,16.92.175.79
490,Haywood,Munslow,hmunslowdl@wix.com,Male,55.139.19.129
491,Zandra,Sorsbie,zsorsbiedm@go.com,Non-binary,38.175.218.144
492,Hunfredo,Siggery,hsiggerydn@ibm.com,Male,23.108.81.248
493,Kennie,Lessmare,klessmaredo@paypal.com,Male,111.178.116.186
494,Tore,MacShirrie,tmacshirriedp@amazonaws.com,Male,165.131.46.162
495,Rockwell,Westbury,rwestburydq@yelp.com,Male,86.49.143.59
496,Darrin,Beardmore,dbeardmoredr@dropbox.com,Male,69.57.5.235
497,Lorin,Hulson,lhulsonds@google.fr,Male,46.190.65.46
498,Rochester,Jiruca,rjirucadt@senate.gov,Male,63.117.17.91
499,Goldie,Reggler,gregglerdu@admin.ch,Female,84.200.145.182
500,Augustine,Sweed,asweeddv@trellian.com,Male,28.183.196.217
501,Gabriel,Instone,ginstonedw@amazon.co.jp,Agender,222.72.52.152
502,Beverlie,Wapples,bwapplesdx@wordpress.com,Female,251.16.29.59
503,Vernon,Fewkes,vfewkesdy@e-recht24.de,Male,188.146.93.2
504,Abdul,Boddymead,aboddymeaddz@soundcloud.com,Male,223.84.190.62
505,Fraser,Jonin,fjonine0@google.fr,Male,172.245.24.116
506,Dolley,Kellet,dkellete1@oracle.com,Polygender,220.112.133.102
507,Knox,Dunphie,kdunphiee2@apache.org,Male,171.118.82.65
508,Aluino,Lyttle,alyttlee3@alexa.com,Male,109.16.252.243
509,Wrennie,Benn,wbenne4@illinois.edu,Female,167.47.151.200
510,Keith,Twelftree,ktwelftreee5@plala.or.jp,Male,109.175.154.115
511,Packston,Ellacombe,pellacombee6@1und1.de,Male,51.78.73.144
512,Audie,Duester,aduestere7@vinaora.com,Female,75.70.47.180
513,Lyn,Vermer,lvermere8@addthis.com,Male,69.229.114.198
514,Maddy,Baldam,mbaldame9@nih.gov,Male,167.5.45.227
515,Leigh,Skunes,lskunesea@cnn.com,Male,36.55.250.5
516,Fielding,Wackley,fwackleyeb@epa.gov,Male,146.51.147.222
517,Bambi,Potebury,bpoteburyec@lulu.com,Female,184.97.58.11
518,Stanfield,Gemson,sgemsoned@google.com.au,Male,98.227.107.16
519,Fair,Guyan,fguyanee@jugem.jp,Male,101.192.58.114
520,Stan,Grinvalds,sgrinvaldsef@cmu.edu,Bigender,19.70.104.10
521,Welsh,Rickardes,wrickardeseg@blogspot.com,Male,27.36.87.20
522,Joellyn,Everly,jeverlyeh@uiuc.edu,Female,109.101.216.70
523,Marvin,Grichukhanov,mgrichukhanovei@surveymonkey.com,Male,242.247.238.207
524,Gilda,McLennan,gmclennanej@microsoft.com,Female,241.127.195.4
525,Issie,Bantham,ibanthamek@cafepress.com,Bigender,53.41.212.155
526,Merrily,Dumini,mduminiel@bbb.org,Female,63.230.188.101
527,Gerome,Brandi,gbrandiem@techcrunch.com,Male,50.100.6.74
528,Danyette,Matchett,dmatchetten@google.co.uk,Female,11.46.179.92
529,Jud,Polgreen,jpolgreeneo@epa.gov,Male,236.142.222.193
530,Gerrard,Bernuzzi,gbernuzziep@51.la,Male,218.177.84.15
531,Hillier,Balsdone,hbalsdoneeq@pagesperso-orange.fr,Male,95.18.123.18
532,Beverlie,Ewbach,bewbacher@mozilla.com,Genderqueer,131.53.75.220
533,Zacharia,Eake,zeakees@liveinternet.ru,Male,124.25.23.30
534,Thibaut,Mc Elory,tmceloryet@cmu.edu,Male,91.118.124.188
535,Ludovika,D'Alessio,ldalessioeu@oracle.com,Female,94.191.73.115
536,Erina,Kellegher,ekellegherev@lycos.com,Female,47.225.174.174
537,Dorey,Jermyn,djermynew@newsvine.com,Male,75.80.2.226
538,Lucia,Gosnell,lgosnellex@indiatimes.com,Female,28.134.158.168
539,Lucila,Bedle,lbedleey@cnet.com,Female,23.194.139.217
540,Tara,Godmar,tgodmarez@twitpic.com,Bigender,241.197.29.159
541,Oren,Venmore,ovenmoref0@reddit.com,Male,205.47.212.68
542,Wernher,Aslott,waslottf1@yahoo.co.jp,Male,117.166.1.119
543,Way,Whitefoot,wwhitefootf2@ucoz.ru,Male,170.115.4.100
544,Kingsly,Charpling,kcharplingf3@friendfeed.com,Male,251.59.219.250
545,Flori,Gadie,fgadief4@amazonaws.com,Female,157.236.226.85
546,Base,Pirot,bpirotf5@privacy.gov.au,Male,106.227.167.99
547,Rudie,Jankovic,rjankovicf6@live.com,Male,14.164.69.130
548,Mariejeanne,Heinke,mheinkef7@netvibes.com,Female,154.184.128.157
549,Harrie,Messer,hmesserf8@wiley.com,Female,140.62.61.121
550,Franzen,Batham,fbathamf9@weather.com,Male,14.162.107.134
551,Raeann,Mastrantone,rmastrantonefa@cbslocal.com,Female,124.174.64.120
552,Lacey,Rockhill,lrockhillfb@seattletimes.com,Female,67.11.211.200
553,Kelbee,Iskower,kiskowerfc@washingtonpost.com,Male,211.247.149.219
554,Caesar,Smitton,csmittonfd@vkontakte.ru,Male,244.33.238.133
555,Roxanne,Gooke,rgookefe@eventbrite.com,Female,229.67.147.159
556,Luciano,Rentenbeck,lrentenbeckff@bloomberg.com,Male,24.127.204.53
557,Duane,Stourton,dstourtonfg@fc2.com,Male,126.203.218.223
558,Raffarty,Rawstorn,rrawstornfh@mac.com,Male,88.23.151.33
559,Octavia,Diwell,odiwellfi@harvard.edu,Female,208.162.27.129
560,Wilbur,Grise,wgrisefj@usnews.com,Male,23.101.102.61
561,Shandy,Van der Hoven,svanderhovenfk@theguardian.com,Female,83.97.222.252
562,Enos,Salvatore,esalvatorefl@blogger.com,Bigender,230.129.228.217
563,Gar,Ortelt,gorteltfm@pagesperso-orange.fr,Male,31.209.26.211
564,Julianne,Durrance,jdurrancefn@cargocollective.com,Female,63.153.183.192
565,Amabelle,Alexis,aalexisfo@xinhuanet.com,Female,141.7.97.53
566,Lemuel,Semark,lsemarkfp@nydailynews.com,Male,210.143.248.23
567,Munmro,Lassetter,mlassetterfq@studiopress.com,Male,155.96.76.207
568,Gabbey,Allan,gallanfr@exblog.jp,Non-binary,69.109.94.82
569,Aurel,Luberto,alubertofs@diigo.com,Female,183.59.50.14
570,Paolina,Linebarger,plinebargerft@springer.com,Female,240.84.24.34
571,Drusi,Barnewell,dbarnewellfu@exblog.jp,Female,73.47.10.211
572,Lewie,Pinnijar,lpinnijarfv@nps.gov,Male,82.111.42.169
573,Liza,Neill,lneillfw@prweb.com,Female,89.56.50.5
574,Hillyer,Handrek,hhandrekfx@uiuc.edu,Male,38.12.113.62
575,Ginger,Oppery,gopperyfy@a8.net,Male,201.82.218.202
576,Edita,Zieme,eziemefz@smh.com.au,Female,2.167.62.237
577,Mendel,Rosenhaupt,mrosenhauptg0@lulu.com,Male,209.23.26.184
578,Murielle,Pietzner,mpietznerg1@psu.edu,Female,134.110.212.141
579,Petronilla,Burnyeat,pburnyeatg2@odnoklassniki.ru,Female,108.151.224.169
580,Julina,Fish,jfishg3@ning.com,Female,119.102.216.222
581,Allene,Houndesome,ahoundesomeg4@xing.com,Female,172.75.0.68
582,Gottfried,Kitchingman,gkitchingmang5@umich.edu,Male,80.1.127.149
583,Jone,Castanyer,jcastanyerg6@live.com,Male,22.149.80.28
584,Kimberley,Renzini,krenzinig7@csmonitor.com,Female,77.26.132.71
585,Kattie,Sivil,ksivilg8@wufoo.com,Female,47.248.139.131
586,Lorianne,Wadsworth,lwadsworthg9@dailymail.co.uk,Female,227.194.171.50
587,Pauletta,O'Deegan,podeeganga@deviantart.com,Female,139.97.156.252
588,Henry,Tomei,htomeigb@wisc.edu,Male,241.117.251.239
589,Viva,Hanington,vhaningtongc@xrea.com,Female,107.100.85.34
590,Baxter,Antoszczyk,bantoszczykgd@wisc.edu,Male,81.237.57.27
591,Blanca,Attawell,battawellge@flavors.me,Female,134.41.224.243
592,Lorrin,Spellecy,lspellecygf@pen.io,Female,187.174.97.98
593,Alie,Gallymore,agallymoregg@imgur.com,Genderfluid,215.162.202.158
594,Alfonse,Matveichev,amatveichevgh@fema.gov,Male,199.149.215.249
595,Ian,Lghan,ilghangi@simplemachines.org,Male,132.197.60.194
596,Matias,Crewe,mcrewegj@utexas.edu,Bigender,193.162.158.202
597,Harper,Hortop,hhortopgk@shop-pro.jp,Male,224.247.8.245
598,Teriann,Mark,tmarkgl@ucsd.edu,Female,89.211.234.77
599,Avery,Capper,acappergm@columbia.edu,Male,0.225.50.210
600,Hilly,de Clerc,hdeclercgn@geocities.com,Male,71.154.200.202
601,Kean,Lies,kliesgo@abc.net.au,Male,15.29.47.71
602,Janis,Cremen,jcremengp@amazon.de,Female,214.1.64.60
603,Gunter,Bertrand,gbertrandgq@biblegateway.com,Male,225.48.12.240
604,Meredithe,Filipychev,mfilipychevgr@so-net.ne.jp,Female,70.50.251.221
605,Brinna,Trusse,btrussegs@nsw.gov.au,Female,253.135.247.85
606,Denise,Shoebridge,dshoebridgegt@ca.gov,Female,162.3.185.101
607,Gino,Wasmer,gwasmergu@parallels.com,Male,255.246.3.43
608,Joyan,Scotfurth,jscotfurthgv@moonfruit.com,Female,181.17.67.49
609,Coleen,Oakeshott,coakeshottgw@github.io,Female,244.21.94.215
610,Sebastian,Skinley,sskinleygx@fotki.com,Male,151.132.73.168
611,Trudie,Dollard,tdollardgy@biblegateway.com,Female,253.106.225.177
612,Darrin,Tregaskis,dtregaskisgz@dropbox.com,Polygender,248.58.187.48
613,Zed,Jodlkowski,zjodlkowskih0@plala.or.jp,Male,55.87.100.219
614,Nonah,Cappleman,ncapplemanh1@friendfeed.com,Female,135.166.189.87
615,Marvin,Mussared,mmussaredh2@yellowpages.com,Male,11.158.59.146
616,Byran,Huws,bhuwsh3@blogspot.com,Male,89.121.24.205
617,Fidole,Gavrielly,fgavriellyh4@bizjournals.com,Male,28.43.22.161
618,Melisande,Sleford,mslefordh5@smh.com.au,Female,187.219.218.57
619,Alina,Ludman,aludmanh6@indiegogo.com,Female,41.209.177.240
620,Emmaline,Fairest,efairesth7@xrea.com,Female,190.228.163.130
621,Loren,Hele,lheleh8@mapquest.com,Male,186.76.104.245
622,Noelani,Abramski,nabramskih9@wix.com,Female,214.56.109.128
623,Antons,Gerlack,agerlackha@dropbox.com,Polygender,244.83.100.40
624,Adorne,Flintiff,aflintiffhb@uol.com.br,Female,49.134.246.254
625,Nehemiah,Squelch,nsquelchhc@youtube.com,Male,55.174.38.32
626,Christi,Kernock,ckernockhd@examiner.com,Female,128.41.80.110
627,Alphonse,Castelluzzi,acastelluzzihe@hp.com,Male,99.148.197.174
628,Ashly,Gianotti,agianottihf@youtube.com,Female,57.164.245.238
629,Shermy,Cottisford,scottisfordhg@globo.com,Male,15.101.24.18
630,Eugenio,Whitten,ewhittenhh@amazon.de,Male,38.124.112.52
631,Rickert,Bradlaugh,rbradlaughhi@webnode.com,Male,190.71.177.228
632,Wally,Baff,wbaffhj@adobe.com,Male,234.222.158.44
633,Kissie,Hudspith,khudspithhk@ucoz.ru,Female,251.210.193.104
634,Torre,Campling,tcamplinghl@hhs.gov,Male,52.255.221.127
635,Conrade,Brandon,cbrandonhm@zimbio.com,Male,164.171.253.59
636,Corette,Berrington,cberringtonhn@pagesperso-orange.fr,Female,55.21.154.92
637,Dudley,Krates,dkratesho@archive.org,Male,18.157.140.225
638,Ruthe,Budcock,rbudcockhp@fema.gov,Female,253.126.161.15
639,Skylar,Stenbridge,sstenbridgehq@ycombinator.com,Male,246.12.203.112
640,Kristi,Mityashin,kmityashinhr@sfgate.com,Bigender,37.35.26.168
641,Jard,Yourell,jyourellhs@imageshack.us,Male,243.43.93.199
642,Caleb,MacNucator,cmacnucatorht@cbc.ca,Male,239.191.60.36
643,Vic,Copper,vcopperhu@twitter.com,Male,206.224.162.41
644,Jerad,Payne,jpaynehv@paginegialle.it,Genderqueer,67.244.237.160
645,Orv,Decourcy,odecourcyhw@exblog.jp,Male,2.71.247.88
646,Jacintha,Finlay,jfinlayhx@odnoklassniki.ru,Female,114.16.109.87
647,Angelia,Gather,agatherhy@constantcontact.com,Female,184.176.224.139
648,Rodi,Pinwell,rpinwellhz@cafepress.com,Female,175.219.223.228
649,Templeton,Morgon,tmorgoni0@businessinsider.com,Male,28.213.79.145
650,Domeniga,Faire,dfairei1@umich.edu,Female,71.190.59.34
651,Berky,Glasscoo,bglasscooi2@wiley.com,Male,215.253.198.117
652,Malanie,Wassung,mwassungi3@princeton.edu,Female,240.206.190.85
653,Fey,Chaudron,fchaudroni4@weather.com,Female,21.34.74.229
654,Gracia,Habbijam,ghabbijami5@smugmug.com,Female,171.30.86.80
655,Virgie,Berntssen,vberntsseni6@rediff.com,Female,49.67.71.38
656,Billy,Windaybank,bwindaybanki7@europa.eu,Male,10.61.51.212
657,Carlota,Houdhury,choudhuryi8@miibeian.gov.cn,Female,197.206.130.94
658,Babita,Godlip,bgodlipi9@imgur.com,Female,0.149.158.14
659,Shae,Twist,stwistia@eepurl.com,Female,114.193.61.104
660,Dehlia,Dreinan,ddreinanib@dropbox.com,Female,149.204.216.131
661,Gardie,Traise,gtraiseic@yale.edu,Male,115.145.173.120
662,Astrix,Walczak,awalczakid@vimeo.com,Female,76.145.184.71
663,Alissa,Frye,afryeie@phoca.cz,Female,215.151.45.207
664,Mozelle,Navein,mnaveinif@va.gov,Genderqueer,38.234.235.196
665,Melisandra,Elderfield,melderfieldig@moonfruit.com,Female,67.14.172.19
666,Carce,Folk,cfolkih@yahoo.co.jp,Male,24.195.250.32
667,Cassaundra,Attwool,cattwoolii@wisc.edu,Female,31.160.131.63
668,Dorry,Chiverton,dchivertonij@ustream.tv,Female,193.116.34.208
669,Odella,Knapman,oknapmanik@discovery.com,Female,139.215.7.79
670,Dene,Tonepohl,dtonepohlil@issuu.com,Male,104.143.146.237
671,Linus,Broomhall,lbroomhallim@google.com.au,Male,139.138.19.173
672,Brod,Wallentin,bwallentinin@163.com,Male,190.49.216.23
673,Dennie,Derycot,dderycotio@ameblo.jp,Female,170.10.4.124
674,Merrick,Cantillon,mcantillonip@reddit.com,Polygender,4.14.68.147
675,Sheila,Shackle,sshackleiq@github.io,Female,42.197.164.216
676,Malachi,Arnao,marnaoir@multiply.com,Male,131.56.79.27
677,Corey,Lemme,clemmeis@arizona.edu,Male,34.11.115.61
678,Anselm,Rideout,arideoutit@ftc.gov,Male,105.8.166.75
679,Flint,Berndtssen,fberndtsseniu@surveymonkey.com,Male,44.178.38.30
680,Imelda,Bew,ibewiv@over-blog.com,Female,130.134.245.170
681,Doe,Disney,ddisneyiw@mlb.com,Female,80.47.6.147
682,Wald,Schlagman,wschlagmanix@go.com,Male,215.121.132.110
683,Milt,Marte,mmarteiy@google.ca,Male,170.18.132.145
684,Maribelle,Beavan,mbeavaniz@miitbeian.gov.cn,Female,17.28.128.95
685,Kerri,Myott,kmyottj0@mozilla.org,Female,149.50.243.160
686,Husein,Luca,hlucaj1@youku.com,Agender,228.160.195.132
687,Pennie,McClifferty,pmccliffertyj2@symantec.com,Bigender,216.126.234.16
688,Alvan,Petkovic,apetkovicj3@prnewswire.com,Male,37.52.106.214
689,Eran,Fissenden,efissendenj4@nsw.gov.au,Female,34.122.244.236
690,Mabelle,Overnell,movernellj5@ycombinator.com,Female,169.221.241.82
691,Domingo,Sautter,dsautterj6@sun.com,Male,32.172.4.114
692,Melisent,Humes,mhumesj7@ehow.com,Female,167.36.8.232
693,Cassius,Bolley,cbolleyj8@newsvine.com,Male,51.60.107.110
694,Linn,Josilowski,ljosilowskij9@hexun.com,Male,84.166.210.3
695,Arnuad,Tomlins,atomlinsja@un.org,Male,140.66.100.37
696,Cherilyn,Beckworth,cbeckworthjb@bravesites.com,Female,87.230.141.149
697,Cassondra,Dominiak,cdominiakjc@bbb.org,Female,101.186.217.210
698,Aubry,Lorryman,alorrymanjd@bandcamp.com,Polygender,243.124.126.29
699,Cosme,Basden,cbasdenje@indiatimes.com,Male,212.175.50.39
700,Rene,Hurworth,rhurworthjf@github.io,Female,151.231.5.160
701,Stearn,Lanfranchi,slanfranchijg@gnu.org,Male,93.178.32.234
702,Katrinka,Lapenna,klapennajh@comsenz.com,Female,77.32.247.76
703,Teirtza,Marquot,tmarquotji@harvard.edu,Female,214.249.108.99
704,Shaw,Smedmoor,ssmedmoorjj@independent.co.uk,Male,239.60.17.196
705,Lowell,Askam,laskamjk@netscape.com,Male,35.156.247.139
706,Cob,Brood,cbroodjl@people.com.cn,Male,3.22.91.64
707,Ellynn,Fobidge,efobidgejm@dot.gov,Female,127.163.180.5
708,Gisele,Duny,gdunyjn@timesonline.co.uk,Female,40.26.4.118
709,Audi,Goodyer,agoodyerjo@4shared.com,Female,135.175.170.193
710,Phillie,Travers,ptraversjp@infoseek.co.jp,Female,233.119.255.243
711,Fons,Tadman,ftadmanjq@harvard.edu,Male,25.206.93.16
712,Garner,Stagg,gstaggjr@nasa.gov,Male,52.216.175.160
713,Ramsey,Lawlor,rlawlorjs@tmall.com,Genderfluid,80.209.185.184
714,Emelen,Cholmondeley,echolmondeleyjt@bloglines.com,Male,25.88.22.82
715,Bryan,Dodgson,bdodgsonju@princeton.edu,Male,19.56.59.120
716,Nan,Slatford,nslatfordjv@mozilla.com,Non-binary,158.75.179.66
717,Michelle,Fretter,mfretterjw@yellowbook.com,Female,201.167.238.225
718,Isabelle,John,ijohnjx@netlog.com,Female,206.79.115.212
719,Giraud,Bilbey,gbilbeyjy@multiply.com,Male,28.145.63.59
720,Danyelle,McCartan,dmccartanjz@macromedia.com,Female,233.67.38.29
721,Chloe,Niche,cnichek0@skyrock.com,Female,217.201.18.171
722,Karissa,Skeldon,kskeldonk1@hubpages.com,Female,196.22.248.10
723,Pepillo,Lovelady,ploveladyk2@dot.gov,Male,20.163.152.46
724,Adrien,Bowld,abowldk3@sun.com,Genderqueer,69.161.58.228
725,Juieta,Loblie,jlobliek4@drupal.org,Female,104.169.149.193
726,Leonie,Ollivier,lollivierk5@fc2.com,Female,35.12.201.244
727,Rosy,Swindells,rswindellsk6@seesaa.net,Female,109.229.114.83
728,Reeta,Kebbell,rkebbellk7@apple.com,Female,74.232.8.45
729,Dalia,Bazely,dbazelyk8@twitter.com,Female,121.92.35.241
730,Essy,Astley,eastleyk9@weebly.com,Female,240.187.67.229
731,Alikee,Chawkley,achawkleyka@virginia.edu,Bigender,134.233.168.16
732,Osbourn,Seaman,oseamankb@facebook.com,Male,222.251.194.157
733,Briggs,Shama,bshamakc@opensource.org,Male,126.66.25.127
734,Kimberley,Christophers,kchristopherskd@huffingtonpost.com,Female,65.165.222.70
735,Dewitt,MacKnocker,dmacknockerke@harvard.edu,Male,144.226.81.134
736,Goober,Soppeth,gsoppethkf@google.fr,Male,72.114.71.89
737,Nevins,Sparway,nsparwaykg@instagram.com,Genderfluid,48.49.209.61
738,Lani,Pieracci,lpieraccikh@people.com.cn,Female,158.149.28.92
739,Morley,Emson,memsonki@google.pl,Male,31.46.35.64
740,Kassia,Barclay,kbarclaykj@youtu.be,Female,144.59.114.28
741,Kenyon,Roizin,kroizinkk@multiply.com,Agender,180.5.90.55
742,Barr,Barke,bbarkekl@tinyurl.com,Male,34.190.115.90
743,Andrey,Chant,achantkm@baidu.com,Male,207.145.126.239
744,Hillery,Djekovic,hdjekovickn@blinklist.com,Male,28.54.73.158
745,Krissy,Stitle,kstitleko@ask.com,Female,244.106.92.153
746,Victoir,MacAughtrie,vmacaughtriekp@cbc.ca,Male,170.199.54.174
747,Fawn,Ciccetti,fciccettikq@go.com,Female,243.194.135.27
748,Nyssa,Ferrario,nferrariokr@naver.com,Female,12.106.67.181
749,Shelbi,Swendell,sswendellks@wikia.com,Female,255.220.121.74
750,Penelopa,Gatheridge,pgatheridgekt@last.fm,Female,50.84.246.253
751,Todd,Rosenfelder,trosenfelderku@engadget.com,Polygender,61.3.47.248
752,Hamlin,Lindgren,hlindgrenkv@cmu.edu,Male,99.111.12.29
753,Ashien,Veldstra,aveldstrakw@imgur.com,Female,171.98.206.245
754,Tiffanie,Limerick,tlimerickkx@drupal.org,Female,255.67.42.51
755,Samaria,Kubas,skubasky@free.fr,Female,57.226.235.210
756,Nicol,Pickard,npickardkz@cam.ac.uk,Male,68.76.158.191
757,Anitra,Ripley,aripleyl0@ebay.com,Non-binary,61.205.137.156
758,Munroe,Brewers,mbrewersl1@sourceforge.net,Male,114.87.83.74
759,Lucita,Novakovic,lnovakovicl2@last.fm,Female,63.193.143.120
760,Merridie,Nelsen,mnelsenl3@indiegogo.com,Female,175.59.98.90
761,Charin,Trowl,ctrowll4@about.com,Female,105.183.137.205
762,Tricia,Jina,tjinal5@liveinternet.ru,Agender,252.192.175.78
763,Pearce,Moscone,pmosconel6@illinois.edu,Male,86.177.96.125
764,Cindee,Colleer,ccolleerl7@yandex.ru,Female,152.0.186.190
765,Brittany,Busby,bbusbyl8@exblog.jp,Female,111.100.211.174
766,Helenka,Roser,hroserl9@hostgator.com,Female,220.173.36.228
767,Zaria,Bartelet,zbarteletla@drupal.org,Female,246.72.230.64
768,Burnard,Kruger,bkrugerlb@walmart.com,Male,72.152.59.159
769,Blondelle,Goldney,bgoldneylc@washington.edu,Female,34.141.177.184
770,Tana,Herculson,therculsonld@sourceforge.net,Female,153.107.14.216
771,Nefen,Gerrish,ngerrishle@gov.uk,Male,87.239.135.201
772,Hewet,Venable,hvenablelf@rediff.com,Male,26.152.193.23
773,Godart,Shinefield,gshinefieldlg@mlb.com,Male,248.204.36.117
774,Hewie,Gareisr,hgareisrlh@usgs.gov,Male,53.33.252.189
775,Portia,Edgerley,pedgerleyli@tiny.cc,Non-binary,148.232.149.194
776,Janeta,Prott,jprottlj@fda.gov,Female,216.141.24.126
777,Armando,Benninger,abenningerlk@europa.eu,Male,153.193.88.156
778,Lola,Everett,leverettll@blogs.com,Female,10.48.119.60
779,Dyanne,Readett,dreadettlm@storify.com,Female,221.40.12.157
780,Agnola,Knotte,aknotteln@loc.gov,Female,244.246.183.74
781,Trent,Travis,ttravislo@lulu.com,Male,221.156.194.14
782,Kristy,Gurnett,kgurnettlp@miibeian.gov.cn,Female,111.178.165.43
783,Janetta,Denton,jdentonlq@cloudflare.com,Polygender,70.97.78.151
784,Udell,Hatry,uhatrylr@cornell.edu,Male,235.232.39.250
785,Emilie,Snoden,esnodenls@wsj.com,Female,170.0.198.205
786,Nancie,Wace,nwacelt@alexa.com,Female,197.38.225.38
787,Kerry,Hawe,khawelu@zdnet.com,Genderfluid,232.241.226.163
788,Elka,Corbally,ecorballylv@sakura.ne.jp,Female,29.96.159.220
789,Chelsy,Blackney,cblackneylw@yahoo.com,Female,178.135.116.217
790,Maximilian,Petti,mpettilx@scientificamerican.com,Male,147.75.97.178
791,Cobby,Marney,cmarneyly@google.com.br,Male,1.190.241.64
792,Leia,Kellen,lkellenlz@noaa.gov,Female,52.200.224.160
793,Brendis,Jeduch,bjeduchm0@about.com,Male,85.69.54.93
794,Lizbeth,Attenbrow,lattenbrowm1@shareasale.com,Female,71.91.150.110
795,Etheline,Horrod,ehorrodm2@tiny.cc,Female,11.184.11.88
796,Betsey,Mandifield,bmandifieldm3@theglobeandmail.com,Female,118.82.162.90
797,Erica,Chastenet,echastenetm4@lulu.com,Female,121.152.113.17
798,Saraann,Stormouth,sstormouthm5@a8.net,Female,12.150.172.243
799,Shelba,Newcom,snewcomm6@examiner.com,Female,17.222.252.192
800,Evania,Patrone,epatronem7@home.pl,Female,62.143.46.67
801,Honey,Bartrap,hbartrapm8@unc.edu,Female,252.241.56.83
802,Edeline,Spaxman,espaxmanm9@issuu.com,Female,211.1.108.34
803,Charles,Meeus,cmeeusma@msn.com,Male,63.195.20.74
804,Mendy,Kobera,mkoberamb@lulu.com,Male,79.48.14.232
805,Jordanna,Ratledge,jratledgemc@walmart.com,Female,131.165.182.64
806,Kimble,Boram,kborammd@un.org,Male,1.125.184.198
807,Daffie,Connolly,dconnollyme@china.com.cn,Female,4.128.177.169
808,Frances,Lilliman,flillimanmf@whitehouse.gov,Female,42.92.155.220
809,Waldon,Carnegie,wcarnegiemg@yelp.com,Agender,85.62.239.185
810,Aggie,Lauga,alaugamh@netvibes.com,Female,239.206.126.35
811,Nataline,Speake,nspeakemi@bigcartel.com,Female,49.197.220.201
812,Avram,Sor,asormj@sogou.com,Male,45.67.60.185
813,Saudra,Giottoi,sgiottoimk@ameblo.jp,Female,40.239.89.250
814,Caro,McSorley,cmcsorleyml@sfgate.com,Female,28.183.223.102
815,Karon,Poley,kpoleymm@oaic.gov.au,Female,151.101.119.4
816,Hansiain,Fetherston,hfetherstonmn@timesonline.co.uk,Male,255.171.193.140
817,Filberto,Parsons,fparsonsmo@japanpost.jp,Male,130.75.189.43
818,Lynsey,Poff,lpoffmp@who.int,Female,22.221.147.200
819,Gareth,Matic,gmaticmq@marriott.com,Male,65.72.245.222
820,Jill,Folley,jfolleymr@shop-pro.jp,Female,249.85.91.251
821,Corabel,Ellerton,cellertonms@fastcompany.com,Female,70.128.226.10
822,Rebe,Antognoni,rantognonimt@biglobe.ne.jp,Female,81.37.121.93
823,Sergent,Huffer,shuffermu@barnesandnoble.com,Male,180.105.125.42
824,Emmye,Pickles,epicklesmv@ftc.gov,Female,201.168.159.7
825,Ly,Chidler,lchidlermw@a8.net,Male,112.18.85.22
826,Amandy,McKellen,amckellenmx@sphinn.com,Female,14.31.109.51
827,Sissy,Varden,svardenmy@qq.com,Female,204.233.196.24
828,Hoebart,Pantin,hpantinmz@unesco.org,Male,37.112.211.9
829,Farra,Marrow,fmarrown0@reference.com,Genderfluid,96.156.52.233
830,Cam,Sangwine,csangwinen1@nhs.uk,Female,148.17.225.27
831,Garner,Docharty,gdochartyn2@cmu.edu,Male,132.172.126.77
832,Guilbert,Goodyer,ggoodyern3@clickbank.net,Male,53.190.140.227
833,Dom,Boshier,dboshiern4@mapquest.com,Male,18.228.208.104
834,Kellyann,Chicchetto,kchicchetton5@wufoo.com,Female,23.95.217.84
835,Brandise,Egiloff,begiloffn6@flickr.com,Bigender,6.173.148.80
836,Loree,Overstall,loverstalln7@google.pl,Female,149.123.57.3
837,Cornall,Abbey,cabbeyn8@is.gd,Male,26.204.15.138
838,Vinnie,Newitt,vnewittn9@deviantart.com,Female,107.192.43.232
839,Quentin,Pincked,qpinckedna@va.gov,Female,102.212.53.19
840,Athena,Raulin,araulinnb@answers.com,Female,60.161.50.176
841,Rice,Issatt,rissattnc@comsenz.com,Male,50.201.81.139
842,Lucias,Extal,lextalnd@macromedia.com,Genderqueer,76.11.154.0
843,Cassandry,Biddleston,cbiddlestonne@rediff.com,Agender,126.170.2.125
844,Thedrick,Clohessy,tclohessynf@tripadvisor.com,Male,137.239.81.158
845,Ursuline,Studd,ustuddng@theatlantic.com,Female,42.126.104.83
846,Gonzales,Hards,ghardsnh@buzzfeed.com,Male,235.97.202.42
847,Georgeanna,Penhalewick,gpenhalewickni@odnoklassniki.ru,Female,41.253.32.215
848,Aldous,Rackley,arackleynj@alexa.com,Male,75.147.170.16
849,Daryl,Peplaw,dpeplawnk@com.com,Female,214.9.104.159
850,Maxy,Zima,mzimanl@sphinn.com,Female,167.108.240.213
851,Fredra,Ramelet,frameletnm@dmoz.org,Female,252.115.24.64
852,Bernadene,Bess,bbessnn@indiegogo.com,Female,172.19.72.121
853,Agnola,McNiven,amcnivenno@t-online.de,Female,225.78.142.187
854,Emelen,De Giorgis,edegiorgisnp@npr.org,Male,240.112.240.249
855,Vi,Norledge,vnorledgenq@usda.gov,Agender,214.157.175.208
856,Malva,Haylock,mhaylocknr@java.com,Female,37.80.117.9
857,Virginia,Girth,vgirthns@nps.gov,Female,105.216.80.46
858,Westley,Anyon,wanyonnt@cdbaby.com,Male,206.131.75.53
859,Carmelina,MacClancey,cmacclanceynu@uol.com.br,Female,236.114.161.40
860,Hannie,Gooden,hgoodennv@newyorker.com,Female,185.199.186.223
861,Lindie,Halsall,lhalsallnw@google.com.hk,Female,177.114.26.54
862,Ambrose,Paulin,apaulinnx@usda.gov,Male,244.227.215.136
863,Lorena,Stritton,lstrittonny@jalbum.net,Female,50.72.43.170
864,Gui,Croston,gcrostonnz@lulu.com,Female,196.239.222.149
865,Kessiah,Illesley,killesleyo0@mit.edu,Female,210.150.221.123
866,Raven,Jakubovsky,rjakubovskyo1@bizjournals.com,Female,141.72.27.88
867,Fania,Cattemull,fcattemullo2@comcast.net,Female,115.198.150.49
868,Chico,Astlett,castletto3@archive.org,Male,43.62.117.87
869,Shelia,Laxen,slaxeno4@rediff.com,Female,41.23.182.14
870,Katine,Behrend,kbehrendo5@wikia.com,Female,216.106.4.171
871,Karry,Jentzsch,kjentzscho6@ycombinator.com,Female,195.173.85.155
872,Jean,Greenacre,jgreenacreo7@paginegialle.it,Male,214.213.244.72
873,Web,Losano,wlosanoo8@vk.com,Male,39.169.2.76
874,Salomi,Melloi,smelloio9@google.ru,Female,92.170.200.9
875,Ambrosi,Ivan,aivanoa@elegantthemes.com,Non-binary,185.31.207.7
876,Elisabet,Camps,ecampsob@facebook.com,Female,183.243.250.208
877,Judye,Jezard,jjezardoc@who.int,Female,96.68.142.172
878,Berna,Cowx,bcowxod@mozilla.org,Female,97.124.11.24
879,Phyllis,McTrustie,pmctrustieoe@cyberchimps.com,Female,134.61.32.99
880,Fanny,Inchley,finchleyof@sbwire.com,Female,91.121.165.227
881,Lockwood,Edmead,ledmeadog@nasa.gov,Male,240.150.194.177
882,Quintin,Heigho,qheighooh@state.tx.us,Male,151.126.113.17
883,Tanhya,Swarbrigg,tswarbriggoi@altervista.org,Female,166.156.23.115
884,Dore,Donan,ddonanoj@bloglines.com,Female,171.39.147.203
885,Devin,Murkin,dmurkinok@jalbum.net,Non-binary,198.103.93.167
886,Jeremy,Pasquale,jpasqualeol@yahoo.co.jp,Male,4.26.57.220
887,Flo,Borgars,fborgarsom@squidoo.com,Female,250.111.50.62
888,Ferrel,Gladding,fgladdingon@ezinearticles.com,Non-binary,181.230.112.77
889,Courtnay,Holbury,cholburyoo@photobucket.com,Female,116.194.25.35
890,Florida,Fossey,ffosseyop@ustream.tv,Female,168.190.224.249
891,Cindi,Ord,cordoq@vistaprint.com,Female,131.153.134.33
892,Christos,Scandrite,cscandriteor@tinypic.com,Male,182.28.174.235
893,Koren,Hibling,khiblingos@shutterfly.com,Non-binary,218.118.217.74
894,Corny,Dowall,cdowallot@bbc.co.uk,Polygender,200.186.166.225
895,Susanna,Hartgill,shartgillou@paginegialle.it,Polygender,226.119.110.184
896,Isidor,Snar,isnarov@forbes.com,Male,228.57.170.3
897,Giavani,Tripe,gtripeow@aboutads.info,Male,26.251.113.227
898,Cyndie,Coolican,ccoolicanox@surveymonkey.com,Female,110.53.202.191
899,Isidro,Whalley,iwhalleyoy@rediff.com,Genderqueer,36.146.43.235
900,Kirsteni,Strass,kstrassoz@google.ca,Female,95.43.26.174
901,Kassey,Ruggen,kruggenp0@google.com.br,Female,69.172.166.92
902,Linnet,Harcourt,lharcourtp1@foxnews.com,Female,182.1.129.77
903,Archaimbaud,Richard,arichardp2@un.org,Male,0.144.85.75
904,Chrisy,Vickery,cvickeryp3@alexa.com,Male,180.99.113.229
905,Robinia,Twigger,rtwiggerp4@webnode.com,Female,132.0.240.19
906,Maddy,Swindlehurst,mswindlehurstp5@elegantthemes.com,Non-binary,189.41.125.129
907,Crissie,Lezemore,clezemorep6@dmoz.org,Female,23.174.104.0
908,Kilian,Founds,kfoundsp7@globo.com,Male,79.53.124.91
909,Nevil,Cranshaw,ncranshawp8@google.ca,Non-binary,33.156.227.110
910,Grace,Matthis,gmatthisp9@webs.com,Male,100.85.38.154
911,Christean,Kalvin,ckalvinpa@php.net,Female,13.86.183.155
912,Chloris,MacIlwrick,cmacilwrickpb@devhub.com,Female,19.110.161.80
913,Rosalie,Piddocke,rpiddockepc@bluehost.com,Agender,203.72.152.251
914,Cordey,Wybron,cwybronpd@behance.net,Female,81.253.187.179
915,Tanney,Bischoff,tbischoffpe@google.pl,Male,236.7.158.82
916,Brewster,Limmer,blimmerpf@bloglovin.com,Male,111.96.27.104
917,Carmina,Ogbourne,cogbournepg@oracle.com,Female,157.12.134.114
918,Mela,Dales,mdalesph@blinklist.com,Female,84.149.167.214
919,Stavros,Howells,showellspi@theatlantic.com,Male,55.98.56.234
920,Putnem,Tomankiewicz,ptomankiewiczpj@mlb.com,Male,91.192.187.53
921,Richmond,Billes,rbillespk@xinhuanet.com,Male,167.56.55.1
922,Gerhardt,Buzine,gbuzinepl@umich.edu,Male,106.203.19.194
923,Jess,Derks,jderkspm@mtv.com,Male,136.126.135.82
924,Orelle,Toplis,otoplispn@homestead.com,Female,174.118.148.15
925,Brenden,Burnage,bburnagepo@aol.com,Male,125.61.51.130
926,Germain,Comazzo,gcomazzopp@surveymonkey.com,Female,136.117.153.120
927,Tod,Bagenal,tbagenalpq@berkeley.edu,Male,25.211.221.51
928,Erhart,Broomhead,ebroomheadpr@senate.gov,Male,183.11.20.120
929,Ellissa,Sitford,esitfordps@sina.com.cn,Female,0.204.123.7
930,Allyson,Rangle,aranglept@vkontakte.ru,Female,248.86.114.199
931,Anitra,Linsey,alinseypu@linkedin.com,Female,167.120.186.59
932,Kelly,Diboll,kdibollpv@biblegateway.com,Male,59.220.218.82
933,Bernice,Wormald,bwormaldpw@list-manage.com,Female,111.7.179.64
934,Nikita,Sloyan,nsloyanpx@zdnet.com,Male,24.222.33.0
935,Howey,McIntosh,hmcintoshpy@360.cn,Male,74.221.140.24
936,Ernestine,Hendrikse,ehendriksepz@utexas.edu,Polygender,179.32.185.74
937,Travis,Eadie,teadieq0@goo.ne.jp,Male,109.112.203.53
938,Janice,Rosenwald,jrosenwaldq1@cargocollective.com,Bigender,174.181.233.162
939,Eadie,Drioli,edrioliq2@liveinternet.ru,Female,226.67.252.134
940,Hercules,Ranklin,hranklinq3@deliciousdays.com,Male,129.45.134.252
941,Von,Maple,vmapleq4@unblog.fr,Genderqueer,191.245.153.89
942,Cristie,Jewster,cjewsterq5@printfriendly.com,Female,161.215.204.240
943,Simona,Lorant,slorantq6@infoseek.co.jp,Female,115.35.226.249
944,Vinni,Softley,vsoftleyq7@si.edu,Female,76.30.133.110
945,Sanderson,Sackes,ssackesq8@blog.com,Male,49.133.132.38
946,Lisa,Rein,lreinq9@example.com,Polygender,17.122.9.162
947,Clovis,Winder,cwinderqa@tripod.com,Female,26.82.27.55
948,Karlee,Pitcher,kpitcherqb@sfgate.com,Female,125.191.138.46
949,Zola,Cadwaladr,zcadwaladrqc@google.nl,Female,130.234.0.53
950,Shaughn,Hove,shoveqd@mashable.com,Male,122.66.60.226
951,Reba,Chatel,rchatelqe@amazon.com,Female,113.44.226.11
952,Arvie,Pilmer,apilmerqf@discuz.net,Male,182.230.34.49
953,Kelley,Darker,kdarkerqg@liveinternet.ru,Genderqueer,163.28.45.158
954,Kyrstin,Fancott,kfancottqh@patch.com,Non-binary,146.142.129.174
955,Rupert,Beaney,rbeaneyqi@deviantart.com,Male,43.80.139.117
956,Reine,Daintree,rdaintreeqj@wikimedia.org,Female,31.192.180.17
957,Albert,Maclean,amacleanqk@zdnet.com,Male,103.156.224.68
958,Garold,Kendal,gkendalql@seattletimes.com,Male,76.68.210.231
959,Sterne,Pelchat,spelchatqm@lycos.com,Male,10.244.240.142
960,Odey,Antoniewicz,oantoniewiczqn@shutterfly.com,Male,43.85.244.70
961,Veriee,Tuxwell,vtuxwellqo@ning.com,Female,99.36.70.0
962,Linus,Vasichev,lvasichevqp@imgur.com,Male,238.145.224.114
963,Harrietta,Jandl,hjandlqq@clickbank.net,Female,146.131.88.32
964,Judd,Donke,jdonkeqr@salon.com,Male,252.215.183.71
965,Ronni,Loughead,rlougheadqs@patch.com,Female,225.136.31.24
966,Felix,Concannon,fconcannonqt@livejournal.com,Male,134.78.141.197
967,Natasha,Dradey,ndradeyqu@nationalgeographic.com,Female,225.131.80.26
968,Hanni,Arntzen,harntzenqv@opensource.org,Female,38.254.36.185
969,Gawen,Trowsdall,gtrowsdallqw@marketwatch.com,Male,182.10.72.190
970,Putnem,Pickrell,ppickrellqx@cbsnews.com,Male,248.20.165.38
971,Martino,Braghini,mbraghiniqy@lycos.com,Male,115.85.8.21
972,Cory,Adamkiewicz,cadamkiewiczqz@theguardian.com,Male,121.65.219.125
973,Dodi,Clipson,dclipsonr0@meetup.com,Genderqueer,16.196.150.164
974,Alfy,Hawick,ahawickr1@ameblo.jp,Male,188.246.172.232
975,Adair,Cockerill,acockerillr2@51.la,Male,138.239.241.177
976,Marius,Domico,mdomicor3@opera.com,Male,142.47.87.50
977,Dorothea,Gamet,dgametr4@youtu.be,Female,246.219.206.94
978,Tiffy,Fairebrother,tfairebrotherr5@vinaora.com,Female,239.91.84.49
979,Garth,Stambridge,gstambridger6@furl.net,Male,174.218.100.144
980,Lezlie,Banyard,lbanyardr7@auda.org.au,Non-binary,76.93.97.196
981,Lyon,Kield,lkieldr8@xing.com,Male,199.167.9.145
982,Claudian,Cullimore,ccullimorer9@printfriendly.com,Male,167.182.232.251
983,Xena,Tarbox,xtarboxra@google.pl,Female,120.154.79.197
984,Billie,Ollerton,bollertonrb@webs.com,Female,52.170.185.164
985,Ozzie,Turnpenny,oturnpennyrc@wsj.com,Male,8.104.34.195
986,Alverta,Itzchaky,aitzchakyrd@mail.ru,Genderqueer,81.152.142.118
987,Cornela,Dowglass,cdowglassre@prweb.com,Female,206.27.51.60
988,Robinetta,Camplen,rcamplenrf@networkadvertising.org,Female,240.1.133.178
989,Dorine,Zealander,dzealanderrg@google.com.br,Female,57.50.151.174
990,Shoshanna,Esbrook,sesbrookrh@constantcontact.com,Non-binary,133.164.175.229
991,Eleonore,Edson,eedsonri@slashdot.org,Female,133.159.47.104
992,Haskell,Berrington,hberringtonrj@networkadvertising.org,Male,0.21.219.129
993,Yalonda,Maddock,ymaddockrk@yolasite.com,Female,233.90.171.180
994,Ragnar,Lorraway,rlorrawayrl@smugmug.com,Male,79.234.154.63
995,Bond,Molan,bmolanrm@sphinn.com,Male,58.168.33.241
996,Modestia,Cuthill,mcuthillrn@etsy.com,Female,104.42.192.206
997,Gilda,Cuckson,gcucksonro@uol.com.br,Female,30.47.247.18
998,Collete,Garlic,cgarlicrp@exblog.jp,Female,243.191.172.255
999,Ramsay,Turmell,rturmellrq@miitbeian.gov.cn,Male,175.155.122.214
1000,Fidelia,Oliphand,foliphandrr@epa.gov,Female,130.163.159.69
